Model,Mean,StdDev,Mode
At Source RAG,3.775,1.4110339163506744,5
Autonomous RAG,3.4138888888888888,1.4695901268119882,5
Baseline,3.4444444444444446,1.497341087116366,5
Custodian RAG,3.936111111111111,1.4545391018332894,5
Federated RAG,4.144444444444445,1.1251603276518845,5
Guided RAG,3.736111111111111,1.4298163541383329,5
